"cod","country","second","pop_risk","pop_tot","incid"
"ABW-5150","Aruba","Aruba",0,1194.84994617823,0
"AIA+99?","Anguilla",NA,0,0,0
"AIA-5114","Anguilla","Blowing Point",0,0,0
"AIA-5115","Anguilla","East End",0,0,0
"AIA-5116","Anguilla","George Hill",0,0,0
"AIA-5117","Anguilla","Island Harbour",0,0,0
"AIA-5118","Anguilla","North Hill",0,0,0
"AIA-5119","Anguilla","North Side",0,0,0
"AIA-5120","Anguilla","Sandy Ground",0,0,0
"AIA-5121","Anguilla","Sandy Hill",0,0,0
"AIA-5122","Anguilla","South Hill",0,0,0
"AIA-5123","Anguilla","Stoney Ground",0,0,0
"AIA-5124","Anguilla","The Farrington",0,149.522840515778,0
"AIA-5125","Anguilla","The Quarter",0,0,0
"AIA-5126","Anguilla","The Valley",0,0,0
"AIA-5127","Anguilla","West End",0,0,0
"ARG-1271","Argentina","Santa Cruz",0,3564.85848736093,0
"ARG-1272","Argentina","Tierra del Fuego",0,1392.75718630222,0
"ARG-1273","Argentina","San Juan",0,7418.57432355151,0
"ARG-1274","Argentina","Chubut",0,6234.37016682474,0
"ARG-1275","Argentina","Mendoza",0,19102.059698101,0
"ARG-1276","Argentina","Neuquén",0,5276.65802067311,0
"ARG-1295","Argentina","Buenos Aires",19156.7358436516,154822.236224504,0.123733749820491
"ARG-1296","Argentina","La Pampa",0,3362.35685043047,0
"ARG-1297","Argentina","Río Negro",0,9006.85260467891,0
"ARG-1298","Argentina","San Luis",0,5011.8526206039,0
"ARG-1299","Argentina","Córdoba",644.404566485775,36259.1082248811,0.0177722122256604
"ARG-1300","Argentina","Catamarca",34.1895539737614,4404.16941511754,0.00776299700379464
"ARG-1301","Argentina","Jujuy",1080.54542434194,7388.14670949436,0.146253920885647
"ARG-1302","Argentina","La Rioja",4.28260178628702,3842.58898624729,0.00111450946266034
"ARG-1303","Argentina","Salta",4367.72345796122,14970.948914605,0.291746600891827
"ARG-1304","Argentina","Santiago del Estero",10.0782401423265,9486.72800094091,0.00106235154431822
"ARG-1305","Argentina","Tucumán",7015.92126534072,15882.5291197165,0.441738290700263
"ARG-1306","Argentina","Chaco",6342.9488615515,12417.9514299253,0.510788667305138
"ARG-1307","Argentina","Formosa",4387.47689494801,6085.09972812017,0.721019718817887
"ARG-1308","Argentina","Corrientes",10487.1202366404,11001.6853244514,0.953228521573201
"ARG-1309","Argentina","Entre Ríos",8794.16994286179,14209.1835038024,0.61890747913196
"ARG-1310","Argentina","Santa Fe",6162.98726953972,34178.6772869823,0.180316728403268
"ARG-1312","Argentina","Misiones",11419.6498803532,11517.3792929984,0.991514613684326
"ARG-5493","Argentina","Ciudad de Buenos Aires",25592.3481185417,55459.7202501706,0.461458298078288
"ATG-5091","Barbuda","Barbuda",0,7.98314404063925,0
"ATG-5093","Antigua","Saint George",0,236.108034546267,0
"ATG-5094","Antigua","Saint Peter",0,0,0
"ATG-5095","Antigua","Saint Philip",0,34.6999447028562,0
"ATG-5096","Antigua","Saint Paul",0,161.131257027827,0
"ATG-5097","Antigua","Saint Mary",0,192.434339887359,0
"ATG-5098","Antigua","Saint John",0,0,0
"BHS-5009","The Bahamas","New Providence",3013.11550413411,3013.11550413411,1
"BHS-5010","The Bahamas","City of Freeport",0,0,0
"BHS-5011","The Bahamas","West Grand Bahama",392.796918630482,392.796918630482,1
"BHS-5012","The Bahamas","East Grand Bahama",46.3124829780445,46.3124829780445,1
"BHS-5014","The Bahamas","North Abaco",42.2610824385282,42.2610824385282,1
"BHS-5015","The Bahamas","Central Abaco",111.79250482361,111.79250482361,1
"BHS-5016","The Bahamas","South Abaco",37.512209963532,37.512209963532,1
"BHS-5019","The Bahamas","North Andros",41.3119687231361,41.3119687231361,1
"BHS-5020","The Bahamas","Central Andros",12.4303549195348,12.4303549195348,1
"BHS-5021","The Bahamas","Mangrove Cay",3.72975725405111,3.72975725405111,1
"BHS-5022","The Bahamas","South Andros",11.2318783128934,11.2318783128934,1
"BHS-5024","The Bahamas","Exuma",67.798976979873,67.798976979873,1
"BHS-5025","The Bahamas","Spanish Wells",0,0,0
"BHS-5026","The Bahamas","Harbour Island",0,0,0
"BHS-5027","The Bahamas","North Eleuthera",35.5805636124363,35.5805636124363,1
"BHS-5028","The Bahamas","Central Eleuthera",9.50744599042182,9.50744599042182,1
"BHS-5029","The Bahamas","South Eleuthera",21.7740523714438,21.7740523714438,1
"BHS-5030","The Bahamas","Cat Island",14.810501980024,14.810501980024,1
"BHS-5031","The Bahamas","San Salvador",6.76037521327381,6.76037521327381,1
"BHS-5033","The Bahamas","Long Island",18.3242484152399,18.3242484152399,1
"BHS-5035","The Bahamas","Crooked Island and Long Cay",2.64482658579893,2.64482658579893,1
"BHS-5036","The Bahamas","Acklins",6.35254903320478,6.35254903320478,1
"BHS-5037","The Bahamas","Mayaguana",3.09978457160496,3.09978457160496,1
"BHS-5038","The Bahamas","Inagua",7.46166334374147,7.46166334374147,1
"BHS-5040","The Bahamas","Hope Town",0,0,0
"BLZ+99?","Belize",NA,0,0,0
"BLZ-1323","Belize","Belize",3.73198843665212,1238.60387842197,0.00301306051245926
"BLZ-1324","Belize","Cayo",0,1005.15958050541,0
"BLZ-1325","Belize","Corozal",0,779.598812132578,0
"BLZ-1326","Belize","Orange Walk",0,495.629929577275,0
"BLZ-1355","Belize","Stann Creek",0,426.404425590725,0
"BLZ-1356","Belize","Toledo",0,427.577703579383,0
"BMU-5134","Bermuda","City of Hamilton",0,0,0
"BMU-5135","Bermuda","City of Saint George",0,0,0
"BMU-5136","Bermuda","Devonshire",0,0,0
"BMU-5137","Bermuda","Hamilton",0,0,0
"BMU-5138","Bermuda","Paget",0,0,0
"BMU-5139","Bermuda","Pembroke",0,539.91429327011,0
"BMU-5140","Bermuda","Saint George's",0,0,0
"BMU-5141","Bermuda","Sandys",0,303.875026175323,0
"BMU-5142","Bermuda","Smith's",0,0,0
"BMU-5143","Bermuda","Southampton",0,0,0
"BMU-5144","Bermuda","Warwick",0,0,0
"BOL-1291","Bolivia","Cochabamba",2818.01038894526,20544.2995739411,0.137167508622182
"BOL-1292","Bolivia","Chuquisaca",623.757294989898,6119.10238088089,0.101936077575499
"BOL-1293","Bolivia","El Beni",4013.0264816017,4890.03560694064,0.8206538365295
"BOL-1936","Bolivia","La Paz",17434.2263510784,31868.3734930876,0.547069851395459
"BOL-1937","Bolivia","Oruro",0,6136.15584115486,0
"BOL-1938","Bolivia","Pando",1833.11624620211,1991.13521787366,0.920638754087077
"BOL-1939","Bolivia","Potosí",0,9083.12673446351,0
"BOL-1940","Bolivia","Santa Cruz",32071.4223217119,32380.4683979152,0.990455787346695
"BOL-1941","Bolivia","Tarija",1589.50246929826,5527.96941087536,0.287538217228768
"BRA-1294","Brazil","Goiás",70602.608619293,70793.3097278658,0.997306226968257
"BRA-1311","Brazil","São Paulo",295920.148464903,463493.052641015,0.638456492020171
"BRA-1313","Brazil","Pernambuco",93915.6698704066,95127.0181168526,0.987265991613886
"BRA-576","Brazil","Acre",9093.90687599072,9093.90687599072,1
"BRA-592","Brazil","Amazonas",47137.357615504,50561.1526166478,0.932284079298928
"BRA-593","Brazil","Maranhão",73564.7651294029,76918.909616869,0.956393759295692
"BRA-594","Brazil","Pará",89847.511114276,95213.1283037978,0.943646246215106
"BRA-595","Brazil","Rondônia",7326.9857380775,18979.1604594236,0.386054259551796
"BRA-596","Brazil","Tocantins",5819.93469627978,17866.2870445889,0.325749534962411
"BRA-599","Brazil","Distrito Federal",35715.7478288099,35715.7478288099,1
"BRA-600","Brazil","Mato Grosso do Sul",29395.6172037047,29812.266768531,0.986024223918924
"BRA-601","Brazil","Minas Gerais",200100.686349556,216830.016814159,0.922845873876671
"BRA-602","Brazil","Mato Grosso",37359.5122999316,38250.4031214398,0.976708982159489
"BRA-612","Brazil","Rio Grande do Sul",109031.828503078,109292.549023621,0.997614471225417
"BRA-613","Brazil","Paraná",59740.4949503038,114007.577335087,0.524004599928625
"BRA-614","Brazil","Santa Catarina",38210.3253395482,70894.8102127871,0.538972108464102
"BRA-621","Brazil","Ceará",92521.2037033428,93802.92811811,0.986335987154331
"BRA-622","Brazil","Piauí",32344.2305328122,33548.5656396391,0.96410174074912
"BRA-623","Brazil","Alagoas",30799.928933083,31100.4037876536,0.99033855455311
"BRA-624","Brazil","Bahia",125985.442648306,141083.003354212,0.892988096744717
"BRA-625","Brazil","Espírito Santo",34777.4046228007,35109.4569760333,0.990542367161664
"BRA-626","Brazil","Paraíba",38859.715796329,38859.715796329,1
"BRA-627","Brazil","Rio de Janeiro",165056.348617701,169103.084769223,0.976069412589101
"BRA-628","Brazil","Rio Grande do Norte",34464.8350437153,37679.2380005082,0.914690340692411
"BRA-629","Brazil","Sergipe",23181.55528074,23345.5855921744,0.992973818935201
"BRA-670","Brazil","Roraima",6279.30569111503,6570.63323373068,0.955662181672216
"BRA-681","Brazil","Amapá",11014.8122215982,11014.9510043634,0.999987400509985
"BRB-1989","Barbados","Christ Church",0,561.19648270852,0
"BRB-1990","Barbados","Saint Andrew",0,0,0
"BRB-1991","Barbados","Saint George",0,483.952350100938,0
"BRB-1992","Barbados","Saint James",0,380.413987244536,0
"BRB-1993","Barbados","Saint John",0,0,0
"BRB-1994","Barbados","Saint Joseph",0,163.864049121271,0
"BRB-1995","Barbados","Saint Lucy",0,188.524271315151,0
"BRB-1996","Barbados","Saint Michael",0,1096.03910526549,0
"BRB-1997","Barbados","Saint Peter",0,0,0
"BRB-1998","Barbados","Saint Philip",0,389.85888713542,0
"BRB-1999","Barbados","Saint Thomas",0,0,0
"CAN-630","Canada","Manitoba",0,13660.3466908848,0
"CAN-631","Canada","Saskatchewan",0,11251.6054235566,0
"CAN-632","Canada","Alberta",0,45212.2150063934,0
"CAN-633","Canada","British Columbia",0,43271.0788017023,0
"CAN-634","Canada","Nunavut",0,287.378133311865,0
"CAN-635","Canada","Northwest Territories",0,492.56396122688,0
"CAN-636","Canada","Yukon",0,422.093312493751,0
"CAN-682","Canada","Ontario",0,145759.475105127,0
"CAN-683","Canada","Québec",0,74041.8406201108,0
"CAN-684","Canada","New Brunswick",0,7369.80727049538,0
"CAN-685","Canada","Nova Scotia",0,8381.32738922754,0
"CAN-686","Canada","Newfoundland and Labrador",0,5174.9627054883,0
"CAN-687","Canada","Prince Edward Island",0,902.334638194112,0
"CHL-2691","Chile","Aisén del General Carlos Ibáñez del Campo",0,1290.90174378012,0
"CHL-2692","Chile","Magallanes y Antártica Chilena",0,1418.79789583784,0
"CHL-2693","Chile","Tarapacá",212.137970082862,4446.40332083438,0.0477100152136117
"CHL-2694","Chile","Arica y Parinacota",60.6198269452345,1888.52250045741,0.0320990758280889
"CHL-2695","Chile","Antofagasta",751.891655393304,7080.1703084137,0.106196831804991
"CHL-2696","Chile","Atacama",631.238639663064,3223.64205655928,0.195815363054548
"CHL-2697","Chile","Coquimbo",5318.72782962235,8949.8998375701,0.594277916641622
"CHL-2698","Chile","Región Metropolitana de Santiago",536.034454858102,89363.5684440788,0.00599835552889248
"CHL-2699","Chile","Valparaíso",5461.50035921997,20930.549511621,0.260934399079567
"CHL-2700","Chile","La Araucanía",0,11787.2178943949,0
"CHL-2701","Chile","Los Ríos",0,3722.10294110182,0
"CHL-2702","Chile","Bío-Bío",0,23862.6686721394,0
"CHL-2703","Chile","Libertador General Bernardo O'Higgins",173.920607613899,10853.7377561625,0.0160240289125422
"CHL-2704","Chile","Los Lagos",0,10525.2919681577,0
"CHL-2705","Chile","Maule",0,11372.9296511019,0
"COL-1283","Colombia","Amazonas",1391.12985754295,1391.12985754295,1
"COL-1314","Colombia","Antioquia",11745.5611304164,79241.9472940786,0.148224034510748
"COL-1315","Colombia","Boyacá",5527.8658945797,15269.4144009277,0.362022127989653
"COL-1316","Colombia","Córdoba",24369.059347284,25112.3401338058,0.970401771298042
"COL-1317","Colombia","Santander",19005.1106863637,26281.5614441041,0.723134762247061
"COL-1318","Colombia","La Guajira",12107.0356258816,14241.129781928,0.850145726587328
"COL-1342","Colombia","San Andrés y Providencia",0,2264.73498047942,0
"COL-1397","Colombia","Caldas",0,10150.4918798354,0
"COL-1398","Colombia","Cundinamarca",4830.71584639642,52467.4371279187,0.0920707416033843
"COL-1399","Colombia","Bogota",0,94531.993443833,0
"COL-1400","Colombia","Quindío",0,8023.57080455617,0
"COL-1401","Colombia","Risaralda",0,11688.5573341199,0
"COL-1402","Colombia","Tolima",400.318947861385,16990.7114251162,0.0235610468476099
"COL-1403","Colombia","Caquetá",1432.89666598978,6539.66232159311,0.219108662729961
"COL-1404","Colombia","Cauca",2690.3368392857,17401.9873832354,0.154599401783126
"COL-1405","Colombia","Huila",198.675108707783,14781.0561970382,0.0134411983865939
"COL-1406","Colombia","Nariño",16012.7944183613,22088.9512864804,0.724923252837357
"COL-1407","Colombia","Putumayo",328.771248752028,5136.78523428833,0.0640033082476295
"COL-1408","Colombia","Valle del Cauca",42351.8190059525,53319.7224530286,0.794299314728464
"COL-1412","Colombia","Atlántico",25656.1329009623,30314.5459789387,0.84633076539517
"COL-1413","Colombia","Bolívar",27460.391441354,28803.2710678737,0.953377530511888
"COL-1414","Colombia","Cesar",8941.41227893262,11697.3288477859,0.764397786476272
"COL-1415","Colombia","Chocó",6165.82854945896,6490.95577569111,0.949910731567488
"COL-1416","Colombia","Magdalena",11123.0920399011,17962.458722537,0.619241063359842
"COL-1417","Colombia","Sucre",9387.78924037492,10843.0785680527,0.865786333784806
"COL-1420","Colombia","Arauca",1819.92893418351,4176.05411024688,0.435801090248785
"COL-1421","Colombia","Norte de Santander",4699.62973667821,13977.5015462784,0.336228167896682
"COL-1422","Colombia","Casanare",1849.2657432363,9057.28968016561,0.204174295902887
"COL-1423","Colombia","Guaviare",1888.99727648268,1896.88714552032,0.995840622856098
"COL-1424","Colombia","Guainía",1148.12343907899,1148.12343907899,1
"COL-1425","Colombia","Meta",1634.26283537894,12246.2306232289,0.133450274264723
"COL-1426","Colombia","Vaupés",1026.80582089093,1026.80582089093,1
"COL-1427","Colombia","Vichada",1010.04722644581,1010.04722644581,1
"CRI-1327","Costa Rica","Cartago",3095.01966317715,5099.21061489204,0.606960546822338
"CRI-1328","Costa Rica","Heredia",7955.91224529552,7955.91224529552,1
"CRI-1329","Costa Rica","Limón",2295.38823612185,4472.07994340821,0.513270841570089
"CRI-1330","Costa Rica","Puntarenas",3173.59116754603,4110.42842643917,0.772082819185661
"CRI-1331","Costa Rica","San José",14108.9850507954,14537.8883733693,0.970497550155938
"CRI-1333","Costa Rica","Alajuela",9271.01429226761,9549.74669324502,0.970812586979446
"CRI-1334","Costa Rica","Guanacaste",2437.407767428,3900.37142708034,0.624916834972444
"CUB+99?","Cuba",NA,2.76073479332692,6.97362078598328,0.395882551984458
"CUB-1319","Cuba","Cienfuegos",0,4306.8675214344,0
"CUB-1320","Cuba","Isla de la Juventud",878.94316110998,878.94316110998,1
"CUB-1321","Cuba","Pinar del Río",2031.55846723333,7047.2239177132,0.288277836912066
"CUB-1322","Cuba","Sancti Spíritus",217.2866728712,4810.30343534146,0.0451710948782955
"CUB-1363","Cuba","Ciego de Ávila",94.5580364678614,4208.69864685868,0.0224672860667842
"CUB-1364","Cuba","Camagüey",620.240572448244,7487.66275856085,0.0828350037184976
"CUB-1365","Cuba","Guantánamo",4577.21651652054,5036.01799273966,0.908895981531329
"CUB-1366","Cuba","Granma",2673.49790219235,7912.76666097092,0.337871444557965
"CUB-1367","Cuba","Holguín",2453.28105185467,10225.5443918624,0.239916913744663
"CUB-1368","Cuba","Las Tunas",84.2540584627907,5378.11340522135,0.015666099264659
"CUB-1369","Cuba","Santiago de Cuba",6135.25648096569,10729.1238621838,0.571832011613755
"CUB-1428","Cuba","Ciudad de la Habana",7261.30028582389,15959.8971322424,0.454971622038498
"CUB-1429","Cuba","Artemisa",689.977224162508,4938.66136362825,0.139709361173046
"CUB-1430","Cuba","Matanzas",43.8974211476668,6111.51454002631,0.00718274019642238
"CUB-1431","Cuba","Villa Clara",0,7124.11237016711,0
"CUB-5489","Cuba","Mayabeque",0,6992.93562172949,0
"CUW-5151","Curaçao","Curaçao",0,1412.80057314078,0
"CYM+00?","Cayman Islands","Cayman Islands",946.63212576363,946.63212576363,1
"DMA-1432","Dominica","Saint Andrew",0,29.2177813286083,0
"DMA-1433","Dominica","Saint David",27.4999268690091,65.1914736887764,0.421833183282427
"DMA-1434","Dominica","Saint George",0,365.563740917538,0
"DMA-1435","Dominica","Saint John",0,81.8488343637866,0
"DMA-1436","Dominica","Saint Joseph",0,57.2882563078795,0
"DMA-1437","Dominica","Saint Luke",0,0,0
"DMA-1438","Dominica","Saint Mark",0,87.4554435121936,0
"DMA-1439","Dominica","Saint Patrick",0,47.2207200354499,0
"DMA-1440","Dominica","Saint Paul",0,90.4598970018503,0
"DMA-1441","Dominica","Saint Peter",0,0,0
"DOM-1390","Dominican Republic","Santiago",10914.3096501662,10930.9629717789,0.998476500043434
"DOM-1391","Dominican Republic","Santiago Rodríguez",572.420993343954,572.420993343954,1
"DOM-1392","Dominican Republic","Valverde",2431.46416159025,2431.46416159025,1
"DOM-1393","Dominican Republic","San Juan",2258.45092816717,2305.99089464387,0.97938414822577
"DOM-1394","Dominican Republic","Santo Domingo",31095.5696096194,31095.5696096194,1
"DOM-1395","Dominican Republic","Sánchez Ramírez",370.547623331018,1723.31244690856,0.215020569250656
"DOM-1396","Dominican Republic","San Pedro de Macorís",3537.95059087437,3537.95059087437,1
"DOM-1964","Dominican Republic","Monte Cristi",1860.00377069136,1860.00377069136,1
"DOM-1965","Dominican Republic","Puerto Plata",2465.19594309634,2465.19594309634,1
"DOM-1966","Dominican Republic","Dajabón",1773.20544544895,1773.20544544895,1
"DOM-1967","Dominican Republic","Espaillat",2683.00438019573,2683.00438019573,1
"DOM-1968","Dominican Republic","Hermanas",1035.65008410699,1035.65008410699,1
"DOM-1969","Dominican Republic","Bahoruco",1430.92365736079,1430.92365736079,1
"DOM-1970","Dominican Republic","Barahona",2533.66688327666,2533.66688327666,1
"DOM-1971","Dominican Republic","Independencia",1167.94409876926,1167.94409876926,1
"DOM-1972","Dominican Republic","La Estrelleta",909.333377428067,909.333377428067,1
"DOM-1973","Dominican Republic","Pedernales",438.507113785115,438.507113785115,1
"DOM-1974","Dominican Republic","Azua",2070.00622744281,2442.2651961289,0.847576352774409
"DOM-1975","Dominican Republic","La Vega",2288.82193618065,4949.71924969253,0.462414496806627
"DOM-1976","Dominican Republic","Monseñor Nouel",0,2037.5854980699,0
"DOM-1977","Dominican Republic","Peravia",2321.43210671862,2321.43210671862,1
"DOM-1978","Dominican Republic","San José de Ocoa",418.47874696523,587.897600410446,0.711822512412137
"DOM-1979","Dominican Republic","Duarte",3028.46096070801,3028.46096070801,1
"DOM-1980","Dominican Republic","Hato Mayor",1114.61463656493,1114.61463656493,1
"DOM-1981","Dominican Republic","Monte Plata",2521.20903643437,2637.41045114976,0.955941095681663
"DOM-1982","Dominican Republic","María Trinidad Sánchez",1889.70729935138,1889.70729935138,1
"DOM-1983","Dominican Republic","Samaná",1223.95315830872,1223.95315830872,1
"DOM-1984","Dominican Republic","San Cristóbal",4248.91334109688,4331.33502453393,0.980970836250211
"DOM-1985","Dominican Republic","Distrito Nacional",9316.94064338617,9316.94064338617,1
"DOM-1986","Dominican Republic","El Seybo",985.712779288367,985.712779288367,1
"DOM-1987","Dominican Republic","La Altagracia",6433.27350333064,6433.27350333064,1
"DOM-1988","Dominican Republic","La Romana",1653.76165405416,1653.76165405416,1
"ECU-1266","Ecuador","Azuay",5626.70379160669,8734.97847039938,0.644157717236986
"ECU-1267","Ecuador","El Oro",741.890466970981,6641.2730195256,0.11170907517125
"ECU-1268","Ecuador","Loja",2419.74690466016,4729.53121866002,0.511625104643189
"ECU-1269","Ecuador","Zamora Chinchipe",12.2981569636574,1221.86192037455,0.0100650955386903
"ECU-1270","Ecuador","Galápagos",76.9916340246611,230.148685944445,0.334529974432468
"ECU-1277","Ecuador","Bolivar",2155.54582032989,2219.15070508823,0.971338185994985
"ECU-1278","Ecuador","Cañar",2655.21164353886,2655.21164353886,1
"ECU-1279","Ecuador","Cotopaxi",788.851447739373,4615.30762574404,0.17092066481965
"ECU-1280","Ecuador","Guayas",8835.13474250619,37534.9875686154,0.235383979449979
"ECU-1281","Ecuador","Los Rios",9312.14390998885,9312.14390998885,1
"ECU-1282","Ecuador","Manabi",4549.24405275328,14665.7832484424,0.310194414828574
"ECU-1284","Ecuador","Chimborazo",4400.0841973761,4891.91568565697,0.89946035052834
"ECU-1285","Ecuador","Morona Santiago",454.941902868437,1968.24475143769,0.231140920119883
"ECU-1286","Ecuador","Orellana",258.475238705584,2429.54268969963,0.106388432605619
"ECU-1287","Ecuador","Pichincha",6767.81362284866,31578.4444203183,0.214317511425423
"ECU-1288","Ecuador","Pastaza",86.0481718639463,1194.61589826275,0.0720299905510049
"ECU-1289","Ecuador","Napo",154.038165588355,5557.00153538516,0.0277196550347324
"ECU-1290","Ecuador","Tungurahua",92.1390054470528,1610.31888466766,0.0572178630731693
"ECU-1335","Ecuador","Esmeraldas",6989.04544763541,7035.62158105612,0.993379954722677
"ECU-1409","Ecuador","Carchi",1183.68690307758,2251.74825525738,0.525674617628281
"ECU-1410","Ecuador","Imbabura",2746.33929352898,4604.25408774789,0.596478656735541
"ECU-1411","Ecuador","Sucumbios",612.381417858499,2460.58744621625,0.248876104281595
"ECU-5507","Ecuador","Santa Elena",0,2260.33034467186,0
"ECU-5508","Ecuador","Santo Domingo de los Tsáchilas",4740.22308323709,4818.82807830098,0.983687943668743
"FLK-5152","Falkland Islands","Falkland Islands",0,6.17128272710611,0
"FRA-1442","Martinique","Martinique",2650.37505735168,4164.54704206528,0.636413763749276
"FRA-2000","French Guiana","Guyane française",3298.10976821291,3307.43378843198,0.997180889833174
"FRA-4603","Guadeloupe","Guadeloupe",1142.08393557497,3378.0949644138,0.338085207078586
"GRD-5070","Grenada","Saint Andrew",0,225.473660415137,0
"GRD-5071","Grenada","Saint David",0,0,0
"GRD-5072","Grenada","Saint George",0,230.983983783732,0
"GRD-5073","Grenada","Saint John",0,112.763122746363,0
"GRD-5074","Grenada","Saint Mark",0,0,0
"GRD-5075","Grenada","Saint Patrick",0,143.388711671675,0
"GRL-2738","Greenland","Pituffik",0,0.967605219600578,0
"GRL-2739","Greenland","Kommuneqarfik Sermersooq",0,244.945706705566,0
"GRL-2740","Greenland","Kommune Kujalleq",0,31.7260525165748,0
"GRL-2741","Greenland","Qeqqata Kommunia",0,80.9158630766785,0
"GRL-2742","Greenland","Nationalparken",0,0,0
"GRL-2743","Greenland","Qaasuitsup Kommunia",0,37.3098723695808,0
"GTM-1942","Guatemala","Baja Verapaz",1096.70063724815,3817.14539649572,0.287309107548003
"GTM-1943","Guatemala","Huehuetenango",5957.96303978027,14469.329302155,0.411764976479797
"GTM-1944","Guatemala","Petén",0,8766.54098747393,0
"GTM-1945","Guatemala","Quezaltenango",9044.96890937597,9044.96890937597,1
"GTM-1946","Guatemala","Retalhuleu",4390.64085241307,4390.64085241307,1
"GTM-1947","Guatemala","San Marcos",12479.8705149646,12479.8705149646,1
"GTM-1948","Guatemala","Alta Verapaz",69.5959688651015,14310.0370757276,0.00486343735497016
"GTM-1949","Guatemala","Chimaltenango",6691.95889362532,6691.95889362532,1
"GTM-1950","Guatemala","Escuintla",7340.574635032,8382.62565473665,0.875689185867935
"GTM-1951","Guatemala","Guatemala",24170.3279228885,34716.5366041229,0.696219447190424
"GTM-1952","Guatemala","Suchitepéquez",6734.45345149164,6734.45345149164,1
"GTM-1953","Guatemala","Sacatepéquez",6285.25710494781,6285.25710494781,1
"GTM-1954","Guatemala","Sololá",5835.31210701366,5835.31210701366,1
"GTM-1955","Guatemala","Totonicapán",6648.26093615784,6648.26093615784,1
"GTM-1956","Guatemala","El Progreso",0,1989.10775101564,0
"GTM-1957","Guatemala","Santa Rosa",2420.05284252576,4586.44550037728,0.52765324308916
"GTM-1959","Guatemala","Izabal",247.584573257698,4981.34613876651,0.0497023427725512
"GTM-1960","Guatemala","Chiquimula",0,4253.05565166927,0
"GTM-1961","Guatemala","Jalapa",0,3887.6027789717,0
"GTM-1962","Guatemala","Jutiapa",2539.10912716884,5517.54413425659,0.460188276774146
"GTM-1963","Guatemala","Zacapa",0,2693.7818060837,0
"GTM-3467","Guatemala","Quiché",9489.35430606668,11746.9485972122,0.807814406229609
"GUY-671","Guyana","Mahaica-Berbice",876.233877628802,876.748296049816,0.999413265559417
"GUY-672","Guyana","Potaro-Siparuni",59.8459824893191,114.81841123608,0.521222875713449
"GUY-673","Guyana","Upper Takutu-Upper Essequibo",341.480861962762,349.354581145161,0.977462098374124
"GUY-674","Guyana","Upper Demerara-Berbice",273.014492316436,273.694132537313,0.997516789218035
"GUY-675","Guyana","Barima-Waini",302.386141352808,302.386141352808,1
"GUY-676","Guyana","Pomeroon-Supenaam",122.006763380514,210.381601268073,0.579930766973534
"GUY-677","Guyana","East Berbice-Corentyne",2336.38661115727,2336.38661115727,1
"GUY-678","Guyana","Demerara-Mahaica",2104.87633825411,2104.87633825411,1
"GUY-679","Guyana","Essequibo Islands-West Demerara",529.644218047205,529.644218047205,1
"GUY-680","Guyana","Cuyuni-Mazaruni",350.66155350052,350.66155350052,1
"HND-637","Honduras","Atlántida",3996.89032551901,4089.15678321005,0.977436312036289
"HND-638","Honduras","Colón",3564.10321060672,3584.09761107235,0.994421357162856
"HND-639","Honduras","Francisco Morazán",1085.33445868684,16562.2099377679,0.0655307753473093
"HND-640","Honduras","Gracias a Dios",962.413350322641,1074.91421611144,0.895339680039044
"HND-641","Honduras","Islas de la Bahía",208.190833199022,208.190833199022,1
"HND-642","Honduras","Olancho",155.846513677409,5916.8613251718,0.0263393892661299
"HND-643","Honduras","Yoro",4643.78127903121,5795.68695964844,0.801247774657742
"HND-645","Honduras","Valle",255.54461389315,1726.52795783734,0.148010701322929
"HND-646","Honduras","Comayagua",80.9895903554702,6239.68549916326,0.0129797552082282
"HND-647","Honduras","Cortés",4405.67082503839,17942.8224534801,0.245539453810061
"HND-648","Honduras","Intibucá",481.065631906679,2712.20643626027,0.177370581189977
"HND-649","Honduras","La Paz",334.214378162784,2053.2594904549,0.162772596311604
"HND-650","Honduras","Santa Bárbara",0,5311.74458288357,0
"HND-651","Honduras","Copán",0,4538.54562023726,0
"HND-652","Honduras","Lempira",1484.98945698575,3579.46560426947,0.414863452023258
"HND-653","Honduras","Ocotepeque",284.631998653408,1775.45479658685,0.160314979125679
"HND-661","Honduras","Choluteca",697.896009981982,4619.13657087396,0.151087979165322
"HND-662","Honduras","El Paraíso",703.158852238288,5180.37411290311,0.1357351490285
"HTI-1359","Haiti","Grand'Anse",6487.27305142896,6487.27305142896,1
"HTI-1360","Haiti","Nippes",3758.16978189117,3758.16978189117,1
"HTI-1361","Haiti","Nord-Ouest",7447.98187287515,7447.98187287515,1
"HTI-1362","Haiti","Sud",9041.38117161449,9041.38117161449,1
"HTI-1384","Haiti","L'Artibonite",19570.9710948906,24797.5065785299,0.789231410541712
"HTI-1385","Haiti","Centre",8743.79293762556,8939.98602249878,0.978054430467847
"HTI-1386","Haiti","Nord-Est",1875.87560909159,3665.94123031964,0.511703677510409
"HTI-1387","Haiti","Nord",9310.22041782487,12252.4276863363,0.759867403927424
"HTI-1388","Haiti","Ouest",40742.3146731929,44335.771607971,0.918949038114135
"HTI-1389","Haiti","Sud-Est",6801.40319579871,6801.40319579871,1
"JAM-1370","Jamaica","Clarendon",2669.37597350216,2669.37597350216,1
"JAM-1371","Jamaica","Hanover",607.498653600198,607.498653600198,1
"JAM-1372","Jamaica","Manchester",1775.50474052622,1775.50474052622,1
"JAM-1373","Jamaica","Saint Elizabeth",1622.90278603747,1622.90278603747,1
"JAM-1374","Jamaica","Saint James",1887.34182503085,1887.34182503085,1
"JAM-1375","Jamaica","Trelawny",759.659000375956,759.659000375956,1
"JAM-1376","Jamaica","Westmoreland",1456.82315797911,1456.82315797911,1
"JAM-1377","Jamaica","Kingston",2318.99310274469,2318.99310274469,1
"JAM-1378","Jamaica","Portland",801.30902944978,801.30902944978,1
"JAM-1379","Jamaica","Saint Ann",1679.91970441746,1679.91970441746,1
"JAM-1380","Jamaica","Saint Catherine",5550.36418987194,5550.36418987194,1
"JAM-1381","Jamaica","Saint Mary",1074.09254578441,1074.09254578441,1
"JAM-1382","Jamaica","Saint Andrew",4527.81403957149,4527.81403957149,1
"JAM-1383","Jamaica","Saint Thomas",1330.3729463729,1330.3729463729,1
"KNA-5099","Saint Kitts and Nevis","Christ Church Nichola Town",0,0,0
"KNA-5100","Saint Kitts and Nevis","Saint Anne Sandy Point",0,0,0
"KNA-5101","Saint Kitts and Nevis","Saint George Basseterre",0,345.885564233376,0
"KNA-5102","Saint Kitts and Nevis","Saint George Gingerland",0,0,0
"KNA-5103","Saint Kitts and Nevis","Saint James Windward",0,0,0
"KNA-5104","Saint Kitts and Nevis","Saint John Capesterre",0,131.641155099729,0
"KNA-5105","Saint Kitts and Nevis","Saint John Figtree",0,0,0
"KNA-5106","Saint Kitts and Nevis","Saint Mary Cayon",0,0,0
"KNA-5107","Saint Kitts and Nevis","Saint Paul Capesterre",0,0,0
"KNA-5108","Saint Kitts and Nevis","Saint Paul Charlestown",0,175.952693127072,0
"KNA-5109","Saint Kitts and Nevis","Saint Peter Basseterre",0,0,0
"KNA-5110","Saint Kitts and Nevis","Saint Thomas Lowland",0,0,0
"KNA-5111","Saint Kitts and Nevis","Saint Thomas Middle Island",0,173.46218456981,0
"KNA-5112","Saint Kitts and Nevis","Trinity Palmetto Point",0,0,0
"LCA-5076","Saint Lucia","Anse-la-Raye",0,359.720581324577,0
"LCA-5077","Saint Lucia","Castries",0,293.995747691475,0
"LCA-5078","Saint Lucia","Choiseul",0,143.034209355396,0
"LCA-5079","Saint Lucia","Dauphin",0,0,0
"LCA-5080","Saint Lucia","Dennery",0,0,0
"LCA-5081","Saint Lucia","Gros Islet",528.828714811843,528.828714811843,1
"LCA-5082","Saint Lucia","Laborie",0,0,0
"LCA-5083","Saint Lucia","Micoud",0,0,0
"LCA-5084","Saint Lucia","Praslin",0,58.0301129503668,0
"LCA-5085","Saint Lucia","Soufrière",0,101.238232858521,0
"LCA-5086","Saint Lucia","Vieux Fort",0,333.004124485055,0
"MAF-5145","Saint Martin","St. Martin",0,0,0
"MEX-2706","Mexico","Baja California",19577.317690584,34015.3351974447,0.575543870931918
"MEX-2707","Mexico","Baja California Sur",8282.26930787699,9016.78831593685,0.918538732160139
"MEX-2708","Mexico","Coahuila",3098.38637036052,34108.0709032764,0.090840270009609
"MEX-2709","Mexico","Chihuahua",1007.25948164509,38332.374527699,0.0262769915523299
"MEX-2710","Mexico","Durango",970.1052820184,18910.3881934509,0.051300125206016
"MEX-2711","Mexico","Sinaloa",24361.3944573468,29404.3788128568,0.828495463631254
"MEX-2712","Mexico","Sonora",5012.04548849706,30928.7525298398,0.162051330187387
"MEX-2713","Mexico","Zacatecas",2810.54364224099,17231.957054846,0.163100664265561
"MEX-2714","Mexico","Nuevo León",101401.681715533,102969.999481663,0.984769177682579
"MEX-2715","Mexico","San Luis Potosí",18928.9919893673,29177.9535414064,0.648742961445366
"MEX-2716","Mexico","Tamaulipas",4831.78452039971,36147.3173519143,0.133669242266572
"MEX-2717","Mexico","Aguascalientes",13569.5778861939,14810.3209859659,0.91622442883259
"MEX-2718","Mexico","Colima",7333.35142840846,9187.81648544665,0.798160416027505
"MEX-2719","Mexico","Jalisco",92068.3183885616,97711.3536288084,0.942247906403141
"MEX-2720","Mexico","Michoacán",47221.5803571024,52089.9698973277,0.90653882983958
"MEX-2721","Mexico","Nayarit",11933.7153109412,13190.6195771002,0.904712264741447
"MEX-2722","Mexico","Campeche",4534.88523392056,8075.29726970719,0.561575021012817
"MEX-2723","Mexico","Oaxaca",34798.2665104007,46055.8978964699,0.755565912288249
"MEX-2724","Mexico","Puebla",65966.4621929929,67129.9677472921,0.982667866627327
"MEX-2725","Mexico","Tabasco",223.523672115452,26360.1057085562,0.0084796197172646
"MEX-2726","Mexico","Tlaxcala",14448.7992585884,14448.7992585884,1
"MEX-2727","Mexico","Distrito Federal",73736.0659690281,73736.0659690281,1
"MEX-2728","Mexico","Guanajuato",64691.1228439659,67731.9543067289,0.955104920655436
"MEX-2729","Mexico","Guerrero",28983.2890686341,39923.649591373,0.725967925409731
"MEX-2730","Mexico","Hidalgo",30586.215547935,35791.0125989478,0.854578100113159
"MEX-2731","Mexico","México",203080.001046189,203080.001046189,1
"MEX-2732","Mexico","Morelos",16831.5431395752,21689.1956734722,0.776033532684738
"MEX-2733","Mexico","Querétaro",24831.7466167939,26226.2295442747,0.946828692049439
"MEX-2734","Mexico","Veracruz",42282.3048207165,95321.4130052901,0.443576143991592
"MEX-2735","Mexico","Chiapas",22082.8946903866,62705.6101751953,0.352167766627077
"MEX-2736","Mexico","Quintana Roo",7130.73079332207,16203.7654766964,0.440066279876562
"MEX-2737","Mexico","Yucatán",15429.2278679561,22860.0776508874,0.674942058534832
"MSR-5087","Montserrat","Saint Anthony",0,23.089656065542,0
"MSR-5088","Montserrat","Saint Georges",0,0,0
"MSR-5089","Montserrat","Saint Peter",0,75.2685507071417,0
"NIC-24","Nicaragua","Rivas",2083.45156123288,2671.67763340472,0.779828949115309
"NIC-4800","Nicaragua","Rio San Juan",1782.96712675348,1782.96712675348,1
"NIC-644","Nicaragua","Atlántico Sur",3406.10333196852,4111.37736655892,0.828457966343116
"NIC-654","Nicaragua","Carazo",465.70764295889,2293.87776810772,0.203021995955375
"NIC-655","Nicaragua","Granada",23.4934771354712,2047.79082650895,0.011472596141825
"NIC-656","Nicaragua","Jinotega",99.0059668635881,5452.53193193486,0.0181577967996338
"NIC-657","Nicaragua","Atlántico Norte",3985.5856267386,6122.4169076525,0.650982395817731
"NIC-658","Nicaragua","León",114.635737348142,4065.8095353487,0.0281950584137017
"NIC-659","Nicaragua","Managua",339.762788973366,22549.7925419649,0.0150672246026686
"NIC-660","Nicaragua","Masaya",0,3367.56445866004,0
"NIC-663","Nicaragua","Chinandega",229.404025847546,4057.5642332732,0.0565373738181066
"NIC-664","Nicaragua","Estelí",1215.73543489279,2650.75784724044,0.458636927608617
"NIC-665","Nicaragua","Madriz",849.206453630305,1736.54649458659,0.489020280353894
"NIC-666","Nicaragua","Matagalpa",590.960900328555,6966.69569969541,0.0848265699841594
"NIC-667","Nicaragua","Nueva Segovia",57.8915070087762,2990.6914387199,0.0193572316619716
"NIC-668","Nicaragua","Boaco",23.40886942086,1792.51596011006,0.0130592251013613
"NIC-669","Nicaragua","Chontales",132.293643123786,1804.17062046143,0.0733265699060939
"NLD-5149",NA,"Bonaire",0,225.942228403142,0
"PAN-1332","Panama","Chiriquí",4506.96675798059,4620.97835161595,0.975327390660576
"PAN-1336","Panama","Coclé",2783.00926409844,2783.00926409844,1
"PAN-1337","Panama","Colón",2881.67943609808,2881.67943609808,1
"PAN-1338","Panama","Herrera",1239.38706569297,1239.38706569297,1
"PAN-1339","Panama","Los Santos",836.222960529318,836.222960529318,1
"PAN-1340","Panama","Panama",22605.1512286578,22617.9452380263,0.999434342543769
"PAN-1341","Panama","Veraguas",2456.8412210838,2456.8412210838,1
"PAN-1418","Panama","Darién",552.366624858474,552.366624858474,1
"PAN-1419","Panama","Kuna Yala",291.101503851451,291.101503851451,1
"PAN-1958","Panama","Bocas del Toro",1080.96343967916,1634.14111902463,0.661487203947451
"PAN-3454","Panama","Ngöbe Buglé",1741.22342071243,1870.2673982952,0.931002391582939
"PAN-3455","Panama","Emberá",119.554771186938,119.554771186938,1
"PER-3505","Peru","Callao",0,24146.180591642,0
"PER-566","Peru","Lambayeque",3403.70065684174,14148.8525526925,0.240563723748327
"PER-567","Peru","Piura",14801.5814124314,20583.7621360083,0.719090189374963
"PER-568","Peru","Tumbes",356.619635716578,2879.44757231407,0.123850018713826
"PER-569","Peru","Apurímac",2906.35258978821,4295.78226892843,0.676559566533431
"PER-570","Peru","Arequipa",2488.87072862731,15635.7952358922,0.159177751504066
"PER-571","Peru","Cusco",8693.57225503316,13935.9864087889,0.623821809237015
"PER-572","Peru","Madre de Dios",1621.04206006155,1622.71500691779,0.998969044564753
"PER-573","Peru","Callao",2054.94834676749,17146.8911612416,0.119843785526116
"PER-574","Peru","Moquegua",699.301832987657,2593.97637305692,0.269586816692379
"PER-575","Peru","Tacna",1892.99614967442,3547.5754717515,0.533602784422179
"PER-577","Peru","Ancash",5898.88502159269,11878.2560928406,0.496612042667454
"PER-578","Peru","Cajamarca",10098.6148724373,15386.6841158229,0.656321712749817
"PER-579","Peru","Huánuco",2204.45057582275,8731.13856834592,0.252481455719283
"PER-580","Peru","La Libertad",5134.41914127965,21977.4563585277,0.233622083353035
"PER-581","Peru","Pasco",975.57221971957,3786.98353560468,0.257611951714967
"PER-582","Peru","San Martín",6522.27418075465,10557.9132266494,0.617761677022657
"PER-583","Peru","Ucayali",5924.25114076942,5924.25114076942,1
"PER-584","Peru","Amazonas",3223.82086768729,4594.25458953931,0.701707057120349
"PER-585","Peru","Loreto",11796.5392510293,11905.1927709464,0.990873434642544
"PER-586","Peru","Ayacucho",1303.81430903883,7945.28090229089,0.164099208709273
"PER-587","Peru","Lima Province",0,102898.447457109,0
"PER-588","Peru","Huancavelica",103.548720526797,5917.35688406725,0.0174991508126892
"PER-589","Peru","Ica",5037.4298542881,8820.99433923447,0.571072790726365
"PER-590","Peru","Junín",5468.19849814421,15906.4526235593,0.343772343686811
"PER-591","Peru","Lima",2085.79332302994,12128.2204315021,0.171978513650054
"PRI-5260","Puerto Rico","Puerto Rico",35241.4719271699,35241.4719271699,1
"PRY-4837","Paraguay","Asunción",5398.63354721893,5398.63354721893,1
"PRY-597","Paraguay","Alto Paraguay",65.9992991789491,247.097403715459,0.26709831097598
"PRY-598","Paraguay","Boquerón",175.899285636171,687.67462624177,0.255788535629827
"PRY-603","Paraguay","Concepción",1475.82036118149,2152.00433802386,0.685788748240491
"PRY-604","Paraguay","Cordillera",3019.82769303796,3019.82769303796,1
"PRY-605","Paraguay","Presidente Hayes",1809.7914272535,2516.78773041877,0.719087829847441
"PRY-606","Paraguay","San Pedro",4618.78947353027,4660.53515725365,0.991042727430475
"PRY-607","Paraguay","Central",20765.3424464385,20765.3424464385,1
"PRY-608","Paraguay","Guairá",2233.19466425844,2233.19466425844,1
"PRY-609","Paraguay","Misiones",1259.44485508975,1259.44485508975,1
"PRY-610","Paraguay","Ñeembucú",852.254664359054,852.254664359054,1
"PRY-611","Paraguay","Paraguarí",2316.47703195989,2316.47703195989,1
"PRY-615","Paraguay","Amambay",1917.77256329919,1917.77256329919,1
"PRY-616","Paraguay","Alto Paraná",2993.87417674795,10188.5343562186,0.293847384920543
"PRY-617","Paraguay","Caaguazú",5984.21570702042,5984.21570702042,1
"PRY-618","Paraguay","Caazapá",1967.35261474718,1967.35261474718,1
"PRY-619","Paraguay","Canindeyú",2449.50831515286,2559.07906016744,0.957183524839047
"PRY-620","Paraguay","Itapúa",7101.58918270258,7101.58918270258,1
"SGS+00?","South Georgia and South Sandwich Islands","South Georgia and the South Sandwich Islands",0,0,0
"SLV-1343","El Salvador","Ahuachapán",1893.71377989669,3294.81706441994,0.574755363612298
"SLV-1344","El Salvador","Cabañas",889.153202841311,1742.71102176998,0.510212646694715
"SLV-1345","El Salvador","Cuscatlán",619.129711760017,3012.16874362772,0.205542837887085
"SLV-1346","El Salvador","La Libertad",1757.65431555174,9568.14068322788,0.183698627951066
"SLV-1347","El Salvador","La Paz",0,3742.34007175155,0
"SLV-1348","El Salvador","Sonsonate",845.316322469593,5630.85751079448,0.150122129861944
"SLV-1349","El Salvador","San Salvador",792.736210180501,15678.8141595911,0.0505609800659295
"SLV-1350","El Salvador","La Unión",428.12317445408,1788.56993656664,0.239366191783314
"SLV-1351","El Salvador","Morazán",249.495932508174,1724.02347494568,0.14471724784144
"SLV-1352","El Salvador","San Miguel",0,5200.27356981077,0
"SLV-1353","El Salvador","San Vicente",0,2198.57699044817,0
"SLV-1354","El Salvador","Usulután",44.0209465226071,3433.88364110862,0.0128195801382469
"SLV-1357","El Salvador","Chalatenango",1967.67807254298,2011.19588122941,0.978362222649424
"SLV-1358","El Salvador","Santa Ana",5760.3551822156,6028.53359041118,0.955515150712251
"SPM-4866","Saint Pierre and Miquelon","Saint-Pierre",0,41.1453020455046,0
"SPM-4867","Saint Pierre and Miquelon","Miquelon-Langlade",0,6.60504127332492,0
"SUR-37","Suriname","Nickerie",300.912540015035,300.912540015035,1
"SUR-66","Suriname","Brokopondo",149.28953044484,149.28953044484,1
"SUR-67","Suriname","Marowijne",204.031932765415,204.031932765415,1
"SUR-68","Suriname","Para",408.171966063516,408.171966063516,1
"SUR-69","Suriname","Sipaliwini",419.026799094907,433.792569671677,0.965961218312372
"SUR-70","Suriname","Commewijne",669.394931641472,669.394931641472,1
"SUR-71","Suriname","Coronie",160.663247908692,160.663247908692,1
"SUR-72","Suriname","Paramaribo",1671.16961240608,1671.16961240608,1
"SUR-73","Suriname","Saramacca",345.100611956864,345.100611956864,1
"SUR-74","Suriname","Wanica",1465.47485641582,1465.47485641582,1
"TCA-5003","Turks and Caicos Islands","Middle Caicos",0.576243608462602,0.576243608462602,1
"TCA-5004","Turks and Caicos Islands","North Caicos",3.71069972590556,3.71069972590556,1
"TCA-5005","Turks and Caicos Islands","Providenciales and West Caicos",0,0,0
"TCA-5006","Turks and Caicos Islands","South Caicos and East Caicos",0,0,0
"TTO-50","Trinidad and Tobago","Eastern Tobago",54.5175582931172,54.5175582931172,1
"TTO-5090","Trinidad and Tobago","Western Tobago",456.142460275569,456.142460275569,1
"TTO-51","Trinidad and Tobago","Diego Martin",1103.64937271405,1103.64937271405,1
"TTO-52","Trinidad and Tobago","Siparia",1357.87951236995,1357.87951236995,1
"TTO-53","Trinidad and Tobago","Arima",847.728235006262,847.728235006262,1
"TTO-54","Trinidad and Tobago","Sangre Grande",1084.16797860886,1084.16797860886,1
"TTO-55","Trinidad and Tobago","Rio Claro-Mayaro",374.539206944833,374.539206944833,1
"TTO-56","Trinidad and Tobago","San Juan-Laventille",2039.04733572597,2039.04733572597,1
"TTO-57","Trinidad and Tobago","Princes Town",1077.64506132706,1077.64506132706,1
"TTO-58","Trinidad and Tobago","Couva-Tabaquite-Talparo",2682.77587673074,2682.77587673074,1
"TTO-59","Trinidad and Tobago","Penal-Debe",785.521532650551,785.521532650551,1
"TTO-60","Trinidad and Tobago","Point Fortin",0,0,0
"TTO-61","Trinidad and Tobago","Tunapuna/Piarco",946.824728346932,946.824728346932,1
"TTO-62","Trinidad and Tobago","San Fernando",889.805750329465,889.805750329465,1
"TTO-63","Trinidad and Tobago","Chaguanas",0,0,0
"TTO-64","Trinidad and Tobago","Port of Spain",0,0,0
"URY-10","Uruguay","Salto",1492.15533133782,1492.15533133782,1
"URY-11","Uruguay","Soriano",928.256460233539,928.256460233539,1
"URY-12","Uruguay","Cerro Largo",981.964471600158,981.964471600158,1
"URY-13","Uruguay","Durazno",601.745536871263,601.745536871263,1
"URY-14","Uruguay","Rivera",1114.67808984664,1114.67808984664,1
"URY-15","Uruguay","Tacuarembó",798.299024461139,798.299024461139,1
"URY-16","Uruguay","Treinta y Tres",550.504862857624,550.504862857624,1
"URY-17","Uruguay","Canelones",4803.66038051952,5598.47748914204,0.858029775030082
"URY-18","Uruguay","Florida",670.127233021865,670.127233021865,1
"URY-19","Uruguay","Lavalleja",487.336577378307,487.336577378307,1
"URY-20","Uruguay","Maldonado",971.012279659227,2268.19242352131,0.428099604596931
"URY-21","Uruguay","Montevideo",1377.48088532975,9448.09332045706,0.145794589300597
"URY-22","Uruguay","Rocha",629.385170565565,629.385170565565,1
"URY-4","Uruguay","Colonia",1117.16254453878,1117.16254453878,1
"URY-5","Uruguay","San José",1191.94881227661,1191.94881227661,1
"URY-6","Uruguay","Artigas",680.043707443494,680.043707443494,1
"URY-7","Uruguay","Flores",255.271570795356,255.271570795356,1
"URY-8","Uruguay","Paysandú",831.984110583935,831.984110583935,1
"URY-9","Uruguay","Río Negro",301.764762567453,301.764762567453,1
"USA-3513","United States of America","Massachusetts",0,66112.9872208818,0
"USA-3514","United States of America","Minnesota",0,59168.5061056487,0
"USA-3515","United States of America","Montana",0,10771.9304746757,0
"USA-3516","United States of America","North Dakota",0,6628.44231573385,0
"USA-3517","United States of America","Hawaii",163.434257069344,15331.8868896046,0.0106597614661609
"USA-3518","United States of America","Idaho",0,20031.1641644419,0
"USA-3519","United States of America","Washington",0,74313.9376333021,0
"USA-3520","United States of America","Arizona",0,81384.4529937334,0
"USA-3521","United States of America","California",47074.117779275,406716.161041454,0.115741940666275
"USA-3522","United States of America","Colorado",0,60709.5044498021,0
"USA-3523","United States of America","Nevada",0,37597.0113802217,0
"USA-3524","United States of America","New Mexico",0,23310.0875424204,0
"USA-3525","United States of America","Oregon",0,43237.3216091313,0
"USA-3526","United States of America","Utah",0,33892.7593193861,0
"USA-3527","United States of America","Wyoming",0,6472.31042538417,0
"USA-3528","United States of America","Arkansas",0,32522.9019003434,0
"USA-3529","United States of America","Iowa",0,32174.9770992652,0
"USA-3530","United States of America","Kansas",0,28464.6452026758,0
"USA-3531","United States of America","Missouri",0,64709.5064604261,0
"USA-3532","United States of America","Nebraska",0,20211.5363234547,0
"USA-3533","United States of America","Oklahoma",0,41077.4974803077,0
"USA-3534","United States of America","South Dakota",0,8705.69416897597,0
"USA-3535","United States of America","Louisiana",0,47359.4461529889,0
"USA-3536","United States of America","Texas",0,308845.996078519,0
"USA-3537","United States of America","Connecticut",0,35903.1667006766,0
"USA-3538","United States of America","New Hampshire",0,14395.8674455502,0
"USA-3539","United States of America","Rhode Island",0,9699.54050013807,0
"USA-3540","United States of America","Vermont",0,6476.94314190055,0
"USA-3541","United States of America","Alabama",0,51670.3396641201,0
"USA-3542","United States of America","Florida",6803.37106757488,213530.173269563,0.0318614037697905
"USA-3543","United States of America","Georgia",0,117076.334754775,0
"USA-3544","United States of America","Mississippi",0,32166.7131197468,0
"USA-3545","United States of America","South Carolina",0,54499.7428961436,0
"USA-3546","United States of America","Illinois",0,151092.047008996,0
"USA-3547","United States of America","Indiana",0,69424.8272652429,0
"USA-3548","United States of America","Kentucky",0,45833.2685436297,0
"USA-3549","United States of America","North Carolina",0,111696.898061908,0
"USA-3550","United States of America","Ohio",0,126767.277869366,0
"USA-3551","United States of America","Tennessee",0,70791.6957294008,0
"USA-3552","United States of America","Virginia",0,90353.6483944669,0
"USA-3553","United States of America","Wisconsin",0,66441.1722042711,0
"USA-3554","United States of America","West Virginia",0,18843.5848769078,0
"USA-3555","United States of America","Delaware",0,11010.989702733,0
"USA-3556","United States of America","District of Columbia",0,6882.00448538745,0
"USA-3557","United States of America","Maryland",0,61071.5800823434,0
"USA-3558","United States of America","New Jersey",0,89514.2219104857,0
"USA-3559","United States of America","New York",0,174623.989628138,0
"USA-3560","United States of America","Pennsylvania",0,130762.728896847,0
"USA-3561","United States of America","Maine",0,13045.9929390658,0
"USA-3562","United States of America","Michigan",0,104759.825378641,0
"USA-3563","United States of America","Alaska",0,7878.13349430478,0
"USG+00?","US Naval Base Guantanamo Bay","Guantanamo Bay USNB",35.5565745019878,35.5565745019878,1
"VCT-5063","Saint Vincent and the Grenadines","Charlotte",0,0,0
"VCT-5064","Saint Vincent and the Grenadines","Grenadines",0,0,0
"VCT-5065","Saint Vincent and the Grenadines","Saint Andrew",0,153.889565145363,0
"VCT-5066","Saint Vincent and the Grenadines","Saint David",0,56.6615681964188,0
"VCT-5067","Saint Vincent and the Grenadines","Saint George",0,0,0
"VCT-5068","Saint Vincent and the Grenadines","Saint Patrick",0,0,0
"VEN+99?","Venezuela",NA,0,0,0
"VEN-23","Venezuela","Falcón",9728.79655160359,10435.8196116949,0.932250356330515
"VEN-25","Venezuela","Apure",2602.35177222667,6181.37968517564,0.420998531843579
"VEN-26","Venezuela","Barinas",1955.41644461989,10299.0412932569,0.189863928975618
"VEN-27","Venezuela","Mérida",4107.98915435066,9573.78123747609,0.42908742663454
"VEN-28","Venezuela","Táchira",2424.34110400991,15536.8860896295,0.156037772950405
"VEN-29","Venezuela","Trujillo",5381.7743575658,7680.71508928715,0.700686628133381
"VEN-31","Venezuela","Zulia",33361.3050743796,45160.2833982139,0.738731083244244
"VEN-32","Venezuela","Cojedes",3532.93237450581,3852.82732773456,0.916971375559451
"VEN-33","Venezuela","Carabobo",27993.8734245324,27993.8734245324,1
"VEN-34","Venezuela","Lara",6473.39902056827,19384.1076350524,0.333953934967962
"VEN-35","Venezuela","Portuguesa",1803.36304296497,9739.41991402741,0.185161237412881
"VEN-36","Venezuela","Yaracuy",6577.94657965676,7660.72235089038,0.858658789388474
"VEN-38","Venezuela","Amazonas",1554.20607488221,1816.40267243634,0.855650621124419
"VEN-39","Venezuela","Bolívar",16723.7903914533,17996.5249370497,0.929278871890641
"VEN-40","Venezuela","Anzoátegui",15248.5780764431,17555.6049910273,0.868587444536183
"VEN-41","Venezuela","Aragua",19289.3137723552,19289.3137723552,1
"VEN-42","Venezuela","Vargas",6612.39067011734,6612.39067011734,1
"VEN-43","Venezuela","Distrito Capital",9092.58986259503,9092.58986259503,1
"VEN-44","Venezuela","Dependencias Federales",0,0,0
"VEN-45","Venezuela","Guárico",5578.27480456413,8431.7077196311,0.661583037511669
"VEN-46","Venezuela","Monagas",9662.19658784099,10517.2507197263,0.918699843269728
"VEN-47","Venezuela","Miranda",36451.7693076635,36451.7693076635,1
"VEN-48","Venezuela","Nueva Esparta",5013.93972370655,5079.76475379428,0.987041716835694
"VEN-49","Venezuela","Sucre",9103.86037754728,9316.68300412538,0.977156824324294
"VEN-65","Venezuela","Delta Amacuro",3928.10392196209,3928.10392196209,1
"VGB+00?","British Virgin Islands","British Virgin Islands",0,92.2020728318969,0
"VIR-4869","United States Virgin Islands","Saint John",0,0,0
"VIR-4870","United States Virgin Islands","Saint Croix",0,460.596607677171,0
